-- ========================================================
-- DATOS DE PRUEBA - GESTIÓN DE NOTAS
-- Este script inserta los datos: usuarios, profesores,
-- estudiantes, materias y notas.
-- IMPORTANTE: Ejecutar DESPUÉS de correr 01_estructura.sql
-- (Ejecutar en el Query Tool de pgAdmin 4)
-- ========================================================

INSERT INTO usuarios (id, username, password, rol) VALUES
(1, 'profe.juan_restrepo', '1234', 'profesor'),
(2, 'profe.maria_ospina', '1234', 'profesor'),
(3, 'profe.andres_martinez', '1234', 'profesor'),
(4, 'profe.sandra_tobon', '1234', 'profesor'),
(5, 'profe.luis_jaramillo', '1234', 'profesor'),
(6, 'profe.diana_cardona', '1234', 'profesor'),
(7, 'profe.carlos_gaviria', '1234', 'profesor'),
(8, 'profe.patricia_henao', '1234', 'profesor'),
(9, 'profe.jorge_bedoya', '1234', 'profesor'),
(10, 'profe.gloria_montoya', '1234', 'profesor'),
(11, 'profe.fernando_zuluaga', '1234', 'profesor'),
(12, 'profe.olga_londono', '1234', 'profesor'),
(13, 'profe.mauricio_castano', '1234', 'profesor'),
(14, 'profe.angela_gallego', '1234', 'profesor'),
(15, 'profe.alejandro_urrego', '1234', 'profesor'),
(16, 'profe.claudia_valencia', '1234', 'profesor'),
(17, 'profe.ricardo_arias', '1234', 'profesor'),
(18, 'profe.beatriz_palacio', '1234', 'profesor'),
(19, 'profe.gustavo_marin', '1234', 'profesor'),
(20, 'profe.adriana_agudelo', '1234', 'profesor'),
(21, 'profe.hernan_quintero', '1234', 'profesor'),
(22, 'profe.marta_munoz', '1234', 'profesor'),
(23, 'profe.jaime_piedrahita', '1234', 'profesor'),
(24, 'profe.liliana_echeverri', '1234', 'profesor'),
(25, 'profe.oscar_rivera', '1234', 'profesor'),
(26, 'profe.clara_serna', '1234', 'profesor'),
(27, 'profe.diego_salazar', '1234', 'profesor'),
(28, 'profe.elizabeth_cano', '1234', 'profesor'),
(29, 'profe.fabio_rojas', '1234', 'profesor'),
(30, 'profe.natalia_villa', '1234', 'profesor'),
(31, 'profe.hugo_herrera', '1234', 'profesor'),
(32, 'profe.sonia_correa', '1234', 'profesor'),
(33, 'profe.gabriel_osorio', '1234', 'profesor'),
(34, 'profe.teresa_toro', '1234', 'profesor'),
(35, 'profe.francisco_chaves', '1234', 'profesor'),
(36, 'profe.isabel_duque', '1234', 'profesor'),
(37, 'profe.hector_gil', '1234', 'profesor'),
(38, 'profe.martha_vasquez', '1234', 'profesor'),
(39, 'profe.gonzalo_arango', '1234', 'profesor'),
(40, 'profe.silvia_hoyos', '1234', 'profesor'),
(41, 'profe.cesar_restrepo', '1234', 'profesor'),
(42, 'profe.victoria_yepes', '1234', 'profesor'),
(43, 'profe.nelson_ortiz', '1234', 'profesor'),
(44, 'profe.luz_rincon', '1234', 'profesor'),
(45, 'profe.alberto_mendoza', '1234', 'profesor'),
(46, 'profe.dora_patino', '1234', 'profesor'),
(47, 'profe.javier_sierra', '1234', 'profesor'),
(48, 'profe.elena_carvajal', '1234', 'profesor'),
(49, 'profe.ramiro_bermudez', '1234', 'profesor'),
(50, 'profe.patricia_gomez', '1234', 'profesor');

-- Synchronize the serial sequence for the 'usuarios' table
SELECT setval(pg_get_serial_sequence('usuarios', 'id'), COALESCE(MAX(id), 1)) FROM usuarios;

INSERT INTO profesores (usuario_id, documento_docente, nombre, correo, telefono, especialidad) VALUES
(1, '1012000001', 'Juan Carlos Restrepo', 'juan.restrepo@correo.com', '3101234501', 'Bases de Datos'),
(2, '1012000002', 'María Camila Ospina', 'maria.ospina@correo.com', '3101234502', 'Redes de Computadores'),
(3, '1012000003', 'Andrés Felipe Martínez', 'andres.martinez@correo.com', '3101234503', 'Cálculo'),
(4, '1012000004', 'Sandra Patricia Tobón', 'sandra.tobon@correo.com', '3101234504', 'Física'),
(5, '1012000005', 'Luis Fernando Jaramillo', 'luis.jaramillo@correo.com', '3101234505', 'Ingeniería de Software'),
(6, '1012000006', 'Diana Carolina Cardona', 'diana.cardona@correo.com', '3101234506', 'Álgebra Lineal'),
(7, '1012000007', 'Carlos Mario Gaviria', 'carlos.gaviria@correo.com', '3101234507', 'Programación Orientada a Objetos'),
(8, '1012000008', 'Patricia Elena Henao', 'patricia.henao@correo.com', '3101234508', 'Inteligencia Artificial'),
(9, '1012000009', 'Jorge Iván Bedoya', 'jorge.bedoya@correo.com', '3101234509', 'Sistemas Operativos'),
(10, '1012000010', 'Gloria Inés Montoya', 'gloria.montoya@correo.com', '3101234510', 'Estructuras de Datos'),
(11, '1012000011', 'Fernando Albeiro Zuluaga', 'fernando.zuluaga@correo.com', '3101234511', 'Formulación de Proyectos'),
(12, '1012000012', 'Olga Lucía Londoño', 'olga.londono@correo.com', '3101234512', 'Química'),
(13, '1012000013', 'Mauricio Andrés Castaño', 'mauricio.castano@correo.com', '3101234513', 'Estadística'),
(14, '1012000014', 'Ángela María Gallego', 'angela.gallego@correo.com', '3101234514', 'Humanidades'),
(15, '1012000015', 'Alejandro de Jesús Urrego', 'alejandro.urrego@correo.com', '3101234515', 'Arquitectura de Software'),
(16, '1012000016', 'Claudia Patricia Valencia', 'claudia.valencia@correo.com', '3101234516', 'Ética Profesional'),
(17, '1012000017', 'Ricardo de Jesús Arias', 'ricardo.arias@correo.com', '3101234517', 'Circuitos Eléctricos'),
(18, '1012000018', 'Beatriz Elena Palacio', 'beatriz.palacio@correo.com', '3101234518', 'Metodologías de Desarrollo'),
(19, '1012000019', 'Gustavo Adolfo Marín', 'gustavo.marin@correo.com', '3101234519', 'Computación Gráfica'),
(20, '1012000020', 'Adriana María Agudelo', 'adriana.agudelo@correo.com', '3101234520', 'Gestión Ambiental'),
(21, '1012000021', 'Hernán Darío Quintero', 'hernan.quintero@correo.com', '3101234521', 'Auditoría de Sistemas'),
(22, '1012000022', 'Marta Cecilia Muñoz', 'marta.munoz@correo.com', '3101234522', 'Redacción Técnica'),
(23, '1012000023', 'Jaime Alberto Piedrahita', 'jaime.piedrahita@correo.com', '3101234523', 'Investigación de Operaciones'),
(24, '1012000024', 'Liliana María Echeverri', 'liliana.echeverri@correo.com', '3101234524', 'Seguridad Informática'),
(25, '1012000025', 'Óscar de Jesús Rivera', 'oscar.rivera@correo.com', '3101234525', 'Pensamiento Algorítmico'),
(26, '1012000026', 'Clara Inés Serna', 'clara.serna@correo.com', '3101234526', 'Economía'),
(27, '1012000027', 'Diego Alejandro Salazar', 'diego.salazar@correo.com', '3101234527', 'Base de Datos NoSQL'),
(28, '1012000028', 'Elizabeth del Carmen Cano', 'elizabeth.cano@correo.com', '3101234528', 'Diseño de Interfaces'),
(29, '1012000029', 'Fabio de Jesús Rojas', 'fabio.rojas@correo.com', '3101234529', 'Desarrollo Web'),
(30, '1012000030', 'Natalia Andrea Villa', 'natalia.villa@correo.com', '3101234530', 'Inteligencia de Negocios'),
(31, '1012000031', 'Hugo Armando Herrera', 'hugo.herrera@correo.com', '3101234531', 'Redes de Datos'),
(32, '1012000032', 'Sonia Esperanza Correa', 'sonia.correa@correo.com', '3101234532', 'Gestión de Calidad'),
(33, '1012000033', 'Gabriel Jaime Osorio', 'gabriel.osorio@correo.com', '3101234533', 'Sistemas Distribuidos'),
(34, '1012000034', 'Teresa de Jesús Toro', 'teresa.toro@correo.com', '3101234534', 'Metodologías Ágiles'),
(35, '1012000035', 'Francisco Javier Chaves', 'francisco.chaves@correo.com', '3101234535', 'Criptografía'),
(36, '1012000036', 'Isabel Cristina Duque', 'isabel.duque@correo.com', '3101234536', 'Análisis Numérico'),
(37, '1012000037', 'Héctor Fabio Gil', 'hector.gil@correo.com', '3101234537', 'Automatización Industrial'),
(38, '1012000038', 'Martha Lucía Vásquez', 'martha.vasquez@correo.com', '3101234538', 'Gestión del Conocimiento'),
(39, '1012000039', 'Gonzalo Alberto Arango', 'gonzalo.arango@correo.com', '3101234539', 'Programación Concurrente'),
(40, '1012000040', 'Silvia Elena Hoyos', 'silvia.hoyos@correo.com', '3101234540', 'Minería de Datos'),
(41, '1012000041', 'César Augusto Restrepo', 'cesar.restrepo@correo.com', '3101234541', 'Desarrollo Móvil'),
(42, '1012000042', 'Victoria Eugenia Yepes', 'victoria.yepes@correo.com', '3101234542', 'Cloud Computing'),
(43, '1012000043', 'Nelson de Jesús Ortiz', 'nelson.ortiz@correo.com', '3101234543', 'DevOps'),
(44, '1012000044', 'Luz Marina Rincón', 'luz.rincon@correo.com', '3101234544', 'Interacción Humano Computador'),
(45, '1012000045', 'Alberto Mario Mendoza', 'alberto.mendoza@correo.com', '3101234545', 'Teoría de la Computación'),
(46, '1012000046', 'Dora Luz Patiño', 'dora.patino@correo.com', '3101234546', 'Diseño de Algoritmos'),
(47, '1012000047', 'Javier de Jesús Sierra', 'javier.sierra@correo.com', '3101234547', 'Electrónica Digital'),
(48, '1012000048', 'Elena María Carvajal', 'elena.carvajal@correo.com', '3101234548', 'Simulación de Sistemas'),
(49, '1012000049', 'Ramiro Antonio Bermúdez', 'ramiro.bermudez@correo.com', '3101234549', 'Bioinformática'),
(50, '1012000050', 'Patricia Liliana Gómez', 'patricia.gomez@correo.com', '3101234550', 'Machine Learning');


INSERT INTO usuarios (id, username, password, rol) VALUES
(51, 'est.juan_gomez', '1234', 'estudiante'),
(52, 'est.maria_rodriguez', '1234', 'estudiante'),
(53, 'est.andres_martinez', '1234', 'estudiante'),
(54, 'est.camila_jaramillo', '1234', 'estudiante'),
(55, 'est.carlos_cardona', '1234', 'estudiante'),
(56, 'est.sandra_tobon', '1234', 'estudiante'),
(57, 'est.luis_hoyos', '1234', 'estudiante'),
(58, 'est.diana_correa', '1234', 'estudiante'),
(59, 'est.felipe_gaviria', '1234', 'estudiante'),
(60, 'est.patricia_henao', '1234', 'estudiante'),
(61, 'est.mateo_bedoya', '1234', 'estudiante'),
(62, 'est.gloria_montoya', '1234', 'estudiante'),
(63, 'est.santiago_zuluaga', '1234', 'estudiante'),
(64, 'est.olga_londono', '1234', 'estudiante'),
(65, 'est.sebastian_castano', '1234', 'estudiante'),
(66, 'est.angela_gallego', '1234', 'estudiante'),
(67, 'est.alejandro_urrego', '1234', 'estudiante'),
(68, 'est.claudia_valencia', '1234', 'estudiante'),
(69, 'est.daniel_arias', '1234', 'estudiante'),
(70, 'est.beatriz_palacio', '1234', 'estudiante'),
(71, 'est.diego_marin', '1234', 'estudiante'),
(72, 'est.adriana_agudelo', '1234', 'estudiante'),
(73, 'est.david_quintero', '1234', 'estudiante'),
(74, 'est.marta_munoz', '1234', 'estudiante'),
(75, 'est.jose_piedrahita', '1234', 'estudiante'),
(76, 'est.liliana_echeverri', '1234', 'estudiante'),
(77, 'est.jorge_rivera', '1234', 'estudiante'),
(78, 'est.clara_serna', '1234', 'estudiante'),
(79, 'est.mario_salazar', '1234', 'estudiante'),
(80, 'est.elizabeth_cano', '1234', 'estudiante'),
(81, 'est.fernando_rojas', '1234', 'estudiante'),
(82, 'est.natalia_villa', '1234', 'estudiante'),
(83, 'est.gabriel_herrera', '1234', 'estudiante'),
(84, 'est.sonia_osorio', '1234', 'estudiante'),
(85, 'est.cristian_toro', '1234', 'estudiante'),
(86, 'est.teresa_chaves', '1234', 'estudiante'),
(87, 'est.nicolas_duque', '1234', 'estudiante'),
(88, 'est.isabel_gil', '1234', 'estudiante'),
(89, 'est.esteban_vasquez', '1234', 'estudiante'),
(90, 'est.martha_arango', '1234', 'estudiante'),
(91, 'est.samuel_restrepo', '1234', 'estudiante'),
(92, 'est.silvia_yepes', '1234', 'estudiante'),
(93, 'est.miguel_ortiz', '1234', 'estudiante'),
(94, 'est.victoria_rincon', '1234', 'estudiante'),
(95, 'est.alexander_mendoza', '1234', 'estudiante'),
(96, 'est.luz_patino', '1234', 'estudiante'),
(97, 'est.javier_sierra', '1234', 'estudiante'),
(98, 'est.dora_carvajal', '1234', 'estudiante'),
(99, 'est.ricardo_bermudez', '1234', 'estudiante'),
(100, 'est.elena_ruiz', '1234', 'estudiante'),
(101, 'est.gustavo_castro', '1234', 'estudiante'),
(102, 'est.ana_morales', '1234', 'estudiante'),
(103, 'est.hernan_solis', '1234', 'estudiante'),
(104, 'est.luisa_caicedo', '1234', 'estudiante'),
(105, 'est.mauricio_hurtado', '1234', 'estudiante'),
(106, 'est.valentina_angulo', '1234', 'estudiante'),
(107, 'est.alvaro_riascos', '1234', 'estudiante'),
(108, 'est.mariana_carabali', '1234', 'estudiante'),
(109, 'est.hector_viveros', '1234', 'estudiante'),
(110, 'est.isabella_banguera', '1234', 'estudiante'),
(111, 'est.hugo_valencia', '1234', 'estudiante'),
(112, 'est.sofia_cuero', '1234', 'estudiante'),
(113, 'est.cesar_segura', '1234', 'estudiante'),
(114, 'est.paula_preciado', '1234', 'estudiante'),
(115, 'est.ivan_estupinan', '1234', 'estudiante'),
(116, 'est.gabriela_mina', '1234', 'estudiante'),
(117, 'est.leonardo_campaz', '1234', 'estudiante'),
(118, 'est.daniela_grueso', '1234', 'estudiante'),
(119, 'est.wilson_obando', '1234', 'estudiante'),
(120, 'est.andrea_murillo', '1234', 'estudiante'),
(121, 'est.edgar_portocarrero', '1234', 'estudiante'),
(122, 'est.paola_montano', '1234', 'estudiante'),
(123, 'est.fabio_palacios', '1234', 'estudiante'),
(124, 'est.carolina_asprilla', '1234', 'estudiante'),
(125, 'est.edwin_hinestroza', '1234', 'estudiante'),
(126, 'est.tatiana_chara', '1234', 'estudiante'),
(127, 'est.jairo_orejuela', '1234', 'estudiante'),
(128, 'est.kelly_quinones', '1234', 'estudiante'),
(129, 'est.raul_borja', '1234', 'estudiante'),
(130, 'est.vanessa_perea', '1234', 'estudiante'),
(131, 'est.ruben_copete', '1234', 'estudiante'),
(132, 'est.johana_cordoba', '1234', 'estudiante'),
(133, 'est.gonzalo_mosquera', '1234', 'estudiante'),
(134, 'est.katherine_mena', '1234', 'estudiante'),
(135, 'est.rodrigo_rivas', '1234', 'estudiante'),
(136, 'est.yeimy_siniestra', '1234', 'estudiante'),
(137, 'est.nelson_lucumi', '1234', 'estudiante'),
(138, 'est.viviana_balanta', '1234', 'estudiante'),
(139, 'est.william_lerma', '1234', 'estudiante'),
(140, 'est.alexandra_ambuila', '1234', 'estudiante'),
(141, 'est.walter_cabezas', '1234', 'estudiante'),
(142, 'est.monica_nazarit', '1234', 'estudiante'),
(143, 'est.fredy_mancilla', '1234', 'estudiante'),
(144, 'est.lady_tenorio', '1234', 'estudiante'),
(145, 'est.alex_vente', '1234', 'estudiante'),
(146, 'est.yenny_gamboa', '1234', 'estudiante'),
(147, 'est.jhon_perlaza', '1234', 'estudiante'),
(148, 'est.esperanza_aragon', '1234', 'estudiante'),
(149, 'est.carlos_viafara', '1234', 'estudiante'),
(150, 'est.diana_bonilla', '1234', 'estudiante'),
(151, 'est.juan_caicedo', '1234', 'estudiante'),
(152, 'est.maria_angulo', '1234', 'estudiante'),
(153, 'est.andres_riascos', '1234', 'estudiante'),
(154, 'est.camila_carabali', '1234', 'estudiante'),
(155, 'est.carlos_viveros', '1234', 'estudiante'),
(156, 'est.sandra_banguera', '1234', 'estudiante'),
(157, 'est.luis_valencia', '1234', 'estudiante'),
(158, 'est.diana_cuero', '1234', 'estudiante'),
(159, 'est.felipe_segura', '1234', 'estudiante'),
(160, 'est.patricia_preciado', '1234', 'estudiante'),
(161, 'est.mateo_estupinan', '1234', 'estudiante'),
(162, 'est.gloria_mina', '1234', 'estudiante'),
(163, 'est.santiago_campaz', '1234', 'estudiante'),
(164, 'est.olga_grueso', '1234', 'estudiante'),
(165, 'est.sebastian_obando', '1234', 'estudiante'),
(166, 'est.angela_murillo', '1234', 'estudiante'),
(167, 'est.alejandro_portocarrero', '1234', 'estudiante'),
(168, 'est.claudia_montano', '1234', 'estudiante'),
(169, 'est.daniel_palacios', '1234', 'estudiante'),
(170, 'est.beatriz_asprilla', '1234', 'estudiante'),
(171, 'est.diego_hinestroza', '1234', 'estudiante'),
(172, 'est.adriana_chara', '1234', 'estudiante'),
(173, 'est.david_orejuela', '1234', 'estudiante'),
(174, 'est.marta_quinones', '1234', 'estudiante'),
(175, 'est.jose_borja', '1234', 'estudiante'),
(176, 'est.liliana_perea', '1234', 'estudiante'),
(177, 'est.jorge_copete', '1234', 'estudiante'),
(178, 'est.clara_cordoba', '1234', 'estudiante'),
(179, 'est.mario_mosquera', '1234', 'estudiante'),
(180, 'est.elizabeth_mena', '1234', 'estudiante'),
(181, 'est.fernando_rivas', '1234', 'estudiante'),
(182, 'est.natalia_siniestra', '1234', 'estudiante'),
(183, 'est.gabriel_lucumi', '1234', 'estudiante'),
(184, 'est.sonia_balanta', '1234', 'estudiante'),
(185, 'est.cristian_lerma', '1234', 'estudiante'),
(186, 'est.teresa_ambuila', '1234', 'estudiante'),
(187, 'est.nicolas_cabezas', '1234', 'estudiante'),
(188, 'est.isabel_nazarit', '1234', 'estudiante'),
(189, 'est.esteban_mancilla', '1234', 'estudiante'),
(190, 'est.martha_tenorio', '1234', 'estudiante'),
(191, 'est.samuel_vente', '1234', 'estudiante'),
(192, 'est.silvia_gamboa', '1234', 'estudiante'),
(193, 'est.miguel_perlaza', '1234', 'estudiante'),
(194, 'est.victoria_aragon', '1234', 'estudiante'),
(195, 'est.alexander_viafara', '1234', 'estudiante'),
(196, 'est.luz_bonilla', '1234', 'estudiante'),
(197, 'est.javier_gomez', '1234', 'estudiante'),
(198, 'est.dora_rodriguez', '1234', 'estudiante'),
(199, 'est.ricardo_martinez', '1234', 'estudiante'),
(200, 'est.elena_jaramillo', '1234', 'estudiante'),
(201, 'est.gustavo_cardona', '1234', 'estudiante'),
(202, 'est.ana_tobon', '1234', 'estudiante'),
(203, 'est.hernan_hoyos', '1234', 'estudiante'),
(204, 'est.luisa_correa', '1234', 'estudiante'),
(205, 'est.mauricio_gaviria', '1234', 'estudiante'),
(206, 'est.valentina_henao', '1234', 'estudiante'),
(207, 'est.alvaro_bedoya', '1234', 'estudiante'),
(208, 'est.mariana_montoya', '1234', 'estudiante'),
(209, 'est.hector_zuluaga', '1234', 'estudiante'),
(210, 'est.isabella_londono', '1234', 'estudiante'),
(211, 'est.hugo_castano', '1234', 'estudiante'),
(212, 'est.sofia_gallego', '1234', 'estudiante'),
(213, 'est.cesar_urrego', '1234', 'estudiante'),
(214, 'est.paula_valencia', '1234', 'estudiante'),
(215, 'est.ivan_arias', '1234', 'estudiante'),
(216, 'est.gabriela_palacio', '1234', 'estudiante'),
(217, 'est.leonardo_marin', '1234', 'estudiante'),
(218, 'est.daniela_agudelo', '1234', 'estudiante'),
(219, 'est.wilson_quintero', '1234', 'estudiante'),
(220, 'est.andrea_munoz', '1234', 'estudiante'),
(221, 'est.edgar_piedrahita', '1234', 'estudiante'),
(222, 'est.paola_echeverri', '1234', 'estudiante'),
(223, 'est.fabio_rivera', '1234', 'estudiante'),
(224, 'est.carolina_serna', '1234', 'estudiante'),
(225, 'est.edwin_salazar', '1234', 'estudiante'),
(226, 'est.tatiana_cano', '1234', 'estudiante'),
(227, 'est.jairo_rojas', '1234', 'estudiante'),
(228, 'est.kelly_villa', '1234', 'estudiante'),
(229, 'est.raul_herrera', '1234', 'estudiante'),
(230, 'est.vanessa_osorio', '1234', 'estudiante'),
(231, 'est.ruben_toro', '1234', 'estudiante'),
(232, 'est.johana_chaves', '1234', 'estudiante'),
(233, 'est.gonzalo_duque', '1234', 'estudiante'),
(234, 'est.katherine_gil', '1234', 'estudiante'),
(235, 'est.rodrigo_vasquez', '1234', 'estudiante'),
(236, 'est.yeimy_arango', '1234', 'estudiante'),
(237, 'est.nelson_restrepo', '1234', 'estudiante'),
(238, 'est.viviana_yepes', '1234', 'estudiante'),
(239, 'est.william_ortiz', '1234', 'estudiante'),
(240, 'est.alexandra_rincon', '1234', 'estudiante'),
(241, 'est.walter_mendoza', '1234', 'estudiante'),
(242, 'est.monica_patino', '1234', 'estudiante'),
(243, 'est.fredy_sierra', '1234', 'estudiante'),
(244, 'est.lady_carvajal', '1234', 'estudiante'),
(245, 'est.alex_bermudez', '1234', 'estudiante'),
(246, 'est.yenny_ruiz', '1234', 'estudiante'),
(247, 'est.jhon_castro', '1234', 'estudiante'),
(248, 'est.esperanza_morales', '1234', 'estudiante'),
(249, 'est.luis_solis', '1234', 'estudiante'),
(250, 'est.sandra_caicedo', '1234', 'estudiante');

-- Synchronize the serial sequence for the 'usuarios' table
SELECT setval(pg_get_serial_sequence('usuarios', 'id'), COALESCE(MAX(id), 1)) FROM usuarios;

INSERT INTO estudiantes (usuario_id, codigo, nombre, correo, telefono, programa_academico) VALUES
(51, 'EST-2026-001', 'Juan Gómez', 'juan.gomez@unipacifico.edu.co', '3157000001', 'Ingeniería de Sistemas'),
(52, 'EST-2026-002', 'María Rodríguez', 'maria.rodriguez@unipacifico.edu.co', '3157000002', 'Ingeniería de Sistemas'),
(53, 'EST-2026-003', 'Andrés Martínez', 'andres.martinez@unipacifico.edu.co', '3157000003', 'Ingeniería de Sistemas'),
(54, 'EST-2026-004', 'Camila Jaramillo', 'camila.jaramillo@unipacifico.edu.co', '3157000004', 'Tecnología en Informática'),
(55, 'EST-2026-005', 'Carlos Cardona', 'carlos.cardona@unipacifico.edu.co', '3157000005', 'Ingeniería de Sistemas'),
(56, 'EST-2026-006', 'Sandra Tobón', 'sandra.tobon@unipacifico.edu.co', '3157000006', 'Administración de Negocios Internacionales'),
(57, 'EST-2026-007', 'Luis Hoyos', 'luis.hoyos@unipacifico.edu.co', '3157000007', 'Ingeniería de Sistemas'),
(58, 'EST-2026-008', 'Diana Correa', 'diana.correa@unipacifico.edu.co', '3157000008', 'Contaduría Pública'),
(59, 'EST-2026-009', 'Felipe Gaviria', 'felipe.gaviria@unipacifico.edu.co', '3157000009', 'Ingeniería de Sistemas'),
(60, 'EST-2026-010', 'Patricia Henao', 'patricia.henao@unipacifico.edu.co', '3157000010', 'Sociología'),
(61, 'EST-2026-011', 'Mateo Bedoya', 'mateo.bedoya@unipacifico.edu.co', '3157000011', 'Ingeniería de Sistemas'),
(62, 'EST-2026-012', 'Gloria Montoya', 'gloria.montoya@unipacifico.edu.co', '3157000012', 'Contaduría Pública'),
(63, 'EST-2026-013', 'Santiago Zuluaga', 'santiago.zuluaga@unipacifico.edu.co', '3157000013', 'Ingeniería de Sistemas'),
(64, 'EST-2026-014', 'Olga Londoño', 'olga.londono@unipacifico.edu.co', '3157000014', 'Arquitectura'),
(65, 'EST-2026-015', 'Sebastián Castaño', 'sebastian.castano@unipacifico.edu.co', '3157000015', 'Ingeniería de Sistemas'),
(66, 'EST-2026-016', 'Ángela Gallego', 'angela.gallego@unipacifico.edu.co', '3157000016', 'Acuicultura'),
(67, 'EST-2026-017', 'Alejandro Urrego', 'alejandro.urrego@unipacifico.edu.co', '3157000017', 'Ingeniería de Sistemas'),
(68, 'EST-2026-018', 'Claudia Valencia', 'claudia.valencia@unipacifico.edu.co', '3157000018', 'Administración de Negocios Internacionales'),
(69, 'EST-2026-019', 'Daniel Arias', 'daniel.arias@unipacifico.edu.co', '3157000019', 'Ingeniería de Sistemas'),
(70, 'EST-2026-020', 'Beatriz Palacio', 'beatriz.palacio@unipacifico.edu.co', '3157000020', 'Sociología'),
(71, 'EST-2026-021', 'Diego Marín', 'diego.marin@unipacifico.edu.co', '3157000021', 'Ingeniería de Sistemas'),
(72, 'EST-2026-022', 'Adriana Agudelo', 'adriana.agudelo@unipacifico.edu.co', '3157000022', 'Arquitectura'),
(73, 'EST-2026-023', 'David Quintero', 'david.quintero@unipacifico.edu.co', '3157000023', 'Ingeniería de Sistemas'),
(74, 'EST-2026-024', 'Marta Muñoz', 'marta.munoz@unipacifico.edu.co', '3157000024', 'Tecnología en Informática'),
(75, 'EST-2026-025', 'José Piedrahita', 'jose.piedrahita@unipacifico.edu.co', '3157000025', 'Ingeniería de Sistemas'),
(76, 'EST-2026-026', 'Liliana Echeverri', 'liliana.echeverri@unipacifico.edu.co', '3157000026', 'Acuicultura'),
(77, 'EST-2026-027', 'Jorge Rivera', 'jorge.rivera@unipacifico.edu.co', '3157000027', 'Ingeniería de Sistemas'),
(78, 'EST-2026-028', 'Clara Serna', 'clara.serna@unipacifico.edu.co', '3157000028', 'Administración de Negocios Internacionales'),
(79, 'EST-2026-029', 'Mario Salazar', 'mario.salazar@unipacifico.edu.co', '3157000029', 'Ingeniería de Sistemas'),
(80, 'EST-2026-030', 'Elizabeth Cano', 'elizabeth.cano@unipacifico.edu.co', '3157000030', 'Sociología'),
(81, 'EST-2026-031', 'Fernando Rojas', 'fernando.rojas@unipacifico.edu.co', '3157000031', 'Ingeniería de Sistemas'),
(82, 'EST-2026-032', 'Natalia Villa', 'natalia.villa@unipacifico.edu.co', '3157000032', 'Contaduría Pública'),
(83, 'EST-2026-033', 'Gabriel Herrera', 'gabriel.herrera@unipacifico.edu.co', '3157000033', 'Ingeniería de Sistemas'),
(84, 'EST-2026-034', 'Sonia Osorio', 'sonia.osorio@unipacifico.edu.co', '3157000034', 'Arquitectura'),
(85, 'EST-2026-035', 'Cristian Toro', 'cristian.toro@unipacifico.edu.co', '3157000035', 'Ingeniería de Sistemas'),
(86, 'EST-2026-036', 'Teresa Chaves', 'teresa.chaves@unipacifico.edu.co', '3157000036', 'Acuicultura'),
(87, 'EST-2026-037', 'Nicolás Duque', 'nicolas.duque@unipacifico.edu.co', '3157000037', 'Ingeniería de Sistemas'),
(88, 'EST-2026-038', 'Isabel Gil', 'isabel.gil@unipacifico.edu.co', '3157000038', 'Administración de Negocios Internacionales'),
(89, 'EST-2026-039', 'Esteban Vásquez', 'esteban.vasquez@unipacifico.edu.co', '3157000039', 'Ingeniería de Sistemas'),
(90, 'EST-2026-040', 'Martha Arango', 'martha.arango@unipacifico.edu.co', '3157000040', 'Sociología'),
(91, 'EST-2026-041', 'Samuel Restrepo', 'samuel.restrepo@unipacifico.edu.co', '3157000041', 'Ingeniería de Sistemas'),
(92, 'EST-2026-042', 'Silvia Yepes', 'silvia.yepes@unipacifico.edu.co', '3157000042', 'Contaduría Pública'),
(93, 'EST-2026-043', 'Miguel Ortiz', 'miguel.ortiz@unipacifico.edu.co', '3157000043', 'Ingeniería de Sistemas'),
(94, 'EST-2026-044', 'Victoria Rincón', 'victoria.rincon@unipacifico.edu.co', '3157000044', 'Arquitectura'),
(95, 'EST-2026-045', 'Alexander Mendoza', 'alexander.mendoza@unipacifico.edu.co', '3157000045', 'Ingeniería de Sistemas'),
(96, 'EST-2026-046', 'Luz Patiño', 'luz.patino@unipacifico.edu.co', '3157000046', 'Acuicultura'),
(97, 'EST-2026-047', 'Javier Sierra', 'javier.sierra@unipacifico.edu.co', '3157000047', 'Ingeniería de Sistemas'),
(98, 'EST-2026-048', 'Dora Carvajal', 'dora.carvajal@unipacifico.edu.co', '3157000048', 'Tecnología en Informática'),
(99, 'EST-2026-049', 'Ricardo Bermúdez', 'ricardo.bermudez@unipacifico.edu.co', '3157000049', 'Ingeniería de Sistemas'),
(100, 'EST-2026-050', 'Elena Ruiz', 'elena.ruiz@unipacifico.edu.co', '3157000050', 'Administración de Negocios Internacionales'),
(101, 'EST-2026-051', 'Gustavo Castro', 'gustavo.castro@unipacifico.edu.co', '3157000051', 'Ingeniería de Sistemas'),
(102, 'EST-2026-052', 'Ana Morales', 'ana.morales@unipacifico.edu.co', '3157000052', 'Sociología'),
(103, 'EST-2026-053', 'Hernán Solís', 'hernan.solis@unipacifico.edu.co', '3157000053', 'Ingeniería de Sistemas'),
(104, 'EST-2026-054', 'Luisa Caicedo', 'luisa.caicedo@unipacifico.edu.co', '3157000054', 'Contaduría Pública'),
(105, 'EST-2026-055', 'Mauricio Hurtado', 'mauricio.hurtado@unipacifico.edu.co', '3157000055', 'Ingeniería de Sistemas'),
(106, 'EST-2026-056', 'Valentina Angulo', 'valentina.angulo@unipacifico.edu.co', '3157000056', 'Arquitectura'),
(107, 'EST-2026-057', 'Álvaro Riascos', 'alvaro.riascos@unipacifico.edu.co', '3157000057', 'Ingeniería de Sistemas'),
(108, 'EST-2026-058', 'Mariana Carabalí', 'mariana.carabali@unipacifico.edu.co', '3157000058', 'Acuicultura'),
(109, 'EST-2026-059', 'Héctor Viveros', 'hector.viveros@unipacifico.edu.co', '3157000059', 'Ingeniería de Sistemas'),
(110, 'EST-2026-060', 'Isabella Banguera', 'isabella.banguera@unipacifico.edu.co', '3157000060', 'Administración de Negocios Internacionales'),
(111, 'EST-2026-061', 'Hugo Valencia', 'hugo.valencia@unipacifico.edu.co', '3157000061', 'Ingeniería de Sistemas'),
(112, 'EST-2026-062', 'Sofía Cuero', 'sofia.cuero@unipacifico.edu.co', '3157000062', 'Sociología'),
(113, 'EST-2026-063', 'César Segura', 'cesar.segura@unipacifico.edu.co', '3157000063', 'Ingeniería de Sistemas'),
(114, 'EST-2026-064', 'Paula Preciado', 'paula.preciado@unipacifico.edu.co', '3157000064', 'Contaduría Pública'),
(115, 'EST-2026-065', 'Iván Estupiñán', 'ivan.estupinan@unipacifico.edu.co', '3157000065', 'Ingeniería de Sistemas'),
(116, 'EST-2026-066', 'Gabriela Mina', 'gabriela.mina@unipacifico.edu.co', '3157000066', 'Arquitectura'),
(117, 'EST-2026-067', 'Leonardo Campaz', 'leonardo.campaz@unipacifico.edu.co', '3157000067', 'Ingeniería de Sistemas'),
(118, 'EST-2026-068', 'Daniela Grueso', 'daniela.grueso@unipacifico.edu.co', '3157000068', 'Acuicultura'),
(119, 'EST-2026-069', 'Wilson Obando', 'wilson.obando@unipacifico.edu.co', '3157000069', 'Ingeniería de Sistemas'),
(120, 'EST-2026-070', 'Andrea Murillo', 'andrea.murillo@unipacifico.edu.co', '3157000070', 'Tecnología en Informática'),
(121, 'EST-2026-071', 'Edgar Portocarrero', 'edgar.portocarrero@unipacifico.edu.co', '3157000071', 'Ingeniería de Sistemas'),
(122, 'EST-2026-072', 'Paola Montaño', 'paola.montano@unipacifico.edu.co', '3157000072', 'Administración de Negocios Internacionales'),
(123, 'EST-2026-073', 'Fabio Palacios', 'fabio.palacios@unipacifico.edu.co', '3157000073', 'Ingeniería de Sistemas'),
(124, 'EST-2026-074', 'Carolina Asprilla', 'carolina.asprilla@unipacifico.edu.co', '3157000074', 'Sociología'),
(125, 'EST-2026-075', 'Edwin Hinestroza', 'edwin.hinestroza@unipacifico.edu.co', '3157000075', 'Ingeniería de Sistemas'),
(126, 'EST-2026-076', 'Tatiana Chará', 'tatiana.chara@unipacifico.edu.co', '3157000076', 'Contaduría Pública'),
(127, 'EST-2026-077', 'Jairo Orejuela', 'jairo.orejuela@unipacifico.edu.co', '3157000077', 'Ingeniería de Sistemas'),
(128, 'EST-2026-078', 'Kelly Quiñones', 'kelly.quinones@unipacifico.edu.co', '3157000078', 'Arquitectura'),
(129, 'EST-2026-079', 'Raúl Borja', 'raul.borja@unipacifico.edu.co', '3157000079', 'Ingeniería de Sistemas'),
(130, 'EST-2026-080', 'Vanessa Perea', 'vanessa.perea@unipacifico.edu.co', '3157000080', 'Acuicultura'),
(131, 'EST-2026-081', 'Rubén Copete', 'ruben.copete@unipacifico.edu.co', '3157000081', 'Ingeniería de Sistemas'),
(132, 'EST-2026-082', 'Johana Córdoba', 'johana.cordoba@unipacifico.edu.co', '3157000082', 'Administración de Negocios Internacionales'),
(133, 'EST-2026-083', 'Gonzalo Mosquera', 'gonzalo.mosquera@unipacifico.edu.co', '3157000083', 'Ingeniería de Sistemas'),
(134, 'EST-2026-084', 'Katherine Mena', 'katherine.mena@unipacifico.edu.co', '3157000084', 'Sociología'),
(135, 'EST-2026-085', 'Rodrigo Rivas', 'rodrigo.rivas@unipacifico.edu.co', '3157000085', 'Ingeniería de Sistemas'),
(136, 'EST-2026-086', 'Yeimy Siniestra', 'yeimy.siniestra@unipacifico.edu.co', '3157000086', 'Contaduría Pública'),
(137, 'EST-2026-087', 'Nelson Lucumí', 'nelson.lucumi@unipacifico.edu.co', '3157000087', 'Ingeniería de Sistemas'),
(138, 'EST-2026-088', 'Viviana Balanta', 'viviana.balanta@unipacifico.edu.co', '3157000088', 'Arquitectura'),
(139, 'EST-2026-089', 'William Lerma', 'william.lerma@unipacifico.edu.co', '3157000089', 'Ingeniería de Sistemas'),
(140, 'EST-2026-090', 'Alexandra Ambuila', 'alexandra.ambuila@unipacifico.edu.co', '3157000090', 'Acuicultura'),
(141, 'EST-2026-091', 'Walter Cabezas', 'walter.cabezas@unipacifico.edu.co', '3157000091', 'Ingeniería de Sistemas'),
(142, 'EST-2026-092', 'Mónica Nazarit', 'monica.nazarit@unipacifico.edu.co', '3157000092', 'Tecnología en Informática'),
(143, 'EST-2026-093', 'Fredy Mancilla', 'fredy.mancilla@unipacifico.edu.co', '3157000093', 'Ingeniería de Sistemas'),
(144, 'EST-2026-094', 'Lady Tenorio', 'lady.tenorio@unipacifico.edu.co', '3157000094', 'Administración de Negocios Internacionales'),
(145, 'EST-2026-095', 'Alex Vente', 'alex.vente@unipacifico.edu.co', '3157000095', 'Ingeniería de Sistemas'),
(146, 'EST-2026-096', 'Yenny Gamboa', 'yenny.gamboa@unipacifico.edu.co', '3157000096', 'Sociología'),
(147, 'EST-2026-097', 'Jhon Perlaza', 'jhon.perlaza@unipacifico.edu.co', '3157000097', 'Ingeniería de Sistemas'),
(148, 'EST-2026-098', 'Esperanza Aragón', 'esperanza.aragon@unipacifico.edu.co', '3157000098', 'Contaduría Pública'),
(149, 'EST-2026-099', 'Carlos Viáfara', 'carlos.viafara@unipacifico.edu.co', '3157000099', 'Ingeniería de Sistemas'),
(150, 'EST-2026-100', 'Diana Bonilla', 'diana.bonilla@unipacifico.edu.co', '3157000100', 'Arquitectura'),
(151, 'EST-2026-101', 'Juan Caicedo', 'juan.caicedo@unipacifico.edu.co', '3157000101', 'Ingeniería de Sistemas'),
(152, 'EST-2026-102', 'María Angulo', 'maria.angulo@unipacifico.edu.co', '3157000102', 'Acuicultura'),
(153, 'EST-2026-103', 'Andrés Riascos', 'andres.riascos@unipacifico.edu.co', '3157000103', 'Ingeniería de Sistemas'),
(154, 'EST-2026-104', 'Camila Carabalí', 'camila.carabali@unipacifico.edu.co', '3157000104', 'Tecnología en Informática'),
(155, 'EST-2026-105', 'Carlos Viveros', 'carlos.viveros@unipacifico.edu.co', '3157000105', 'Ingeniería de Sistemas'),
(156, 'EST-2026-106', 'Sandra Banguera', 'sandra.banguera@unipacifico.edu.co', '3157000106', 'Administración de Negocios Internacionales'),
(157, 'EST-2026-107', 'Luis Valencia', 'luis.valencia@unipacifico.edu.co', '3157000107', 'Ingeniería de Sistemas'),
(158, 'EST-2026-108', 'Diana Cuero', 'diana.cuero@unipacifico.edu.co', '3157000108', 'Contaduría Pública'),
(159, 'EST-2026-109', 'Felipe Segura', 'felipe.segura@unipacifico.edu.co', '3157000109', 'Ingeniería de Sistemas'),
(160, 'EST-2026-110', 'Patricia Preciado', 'patricia.preciado@unipacifico.edu.co', '3157000110', 'Sociología'),
(161, 'EST-2026-111', 'Mateo Estupiñán', 'mateo.estupinan@unipacifico.edu.co', '3157000111', 'Ingeniería de Sistemas'),
(162, 'EST-2026-112', 'Gloria Mina', 'gloria.mina@unipacifico.edu.co', '3157000112', 'Contaduría Pública'),
(163, 'EST-2026-113', 'Santiago Campaz', 'santiago.campaz@unipacifico.edu.co', '3157000113', 'Ingeniería de Sistemas'),
(164, 'EST-2026-114', 'Olga Grueso', 'olga.grueso@unipacifico.edu.co', '3157000114', 'Arquitectura'),
(165, 'EST-2026-115', 'Sebastián Obando', 'sebastian.obando@unipacifico.edu.co', '3157000115', 'Ingeniería de Sistemas'),
(166, 'EST-2026-116', 'Ángela Murillo', 'angela.murillo@unipacifico.edu.co', '3157000116', 'Acuicultura'),
(167, 'EST-2026-117', 'Alejandro Portocarrero', 'alejandro.portocarrero@unipacifico.edu.co', '3157000117', 'Ingeniería de Sistemas'),
(168, 'EST-2026-118', 'Claudia Montaño', 'claudia.montano@unipacifico.edu.co', '3157000118', 'Administración de Negocios Internacionales'),
(169, 'EST-2026-119', 'Daniel Palacios', 'daniel.palacios@unipacifico.edu.co', '3157000119', 'Ingeniería de Sistemas'),
(170, 'EST-2026-120', 'Beatriz Asprilla', 'beatriz.asprilla@unipacifico.edu.co', '3157000120', 'Sociología'),
(171, 'EST-2026-121', 'Diego Hinestroza', 'diego.hinestroza@unipacifico.edu.co', '3157000121', 'Ingeniería de Sistemas'),
(172, 'EST-2026-122', 'Adriana Chará', 'adriana.chara@unipacifico.edu.co', '3157000122', 'Arquitectura'),
(173, 'EST-2026-123', 'David Orejuela', 'david.orejuela@unipacifico.edu.co', '3157000123', 'Ingeniería de Sistemas'),
(174, 'EST-2026-124', 'Marta Quiñones', 'marta.quinones@unipacifico.edu.co', '3157000124', 'Tecnología en Informática'),
(175, 'EST-2026-125', 'José Borja', 'jose.borja@unipacifico.edu.co', '3157000125', 'Ingeniería de Sistemas'),
(176, 'EST-2026-126', 'Liliana Perea', 'liliana.perea@unipacifico.edu.co', '3157000126', 'Acuicultura'),
(177, 'EST-2026-127', 'Jorge Copete', 'jorge.copete@unipacifico.edu.co', '3157000127', 'Ingeniería de Sistemas'),
(178, 'EST-2026-128', 'Clara Córdoba', 'clara.cordoba@unipacifico.edu.co', '3157000128', 'Administración de Negocios Internacionales'),
(179, 'EST-2026-129', 'Mario Mosquera', 'mario.mosquera@unipacifico.edu.co', '3157000129', 'Ingeniería de Sistemas'),
(180, 'EST-2026-130', 'Elizabeth Mena', 'elizabeth.mena@unipacifico.edu.co', '3157000130', 'Sociología'),
(181, 'EST-2026-131', 'Fernando Rivas', 'fernando.rivas@unipacifico.edu.co', '3157000131', 'Ingeniería de Sistemas'),
(182, 'EST-2026-132', 'Natalia Siniestra', 'natalia.siniestra@unipacifico.edu.co', '3157000132', 'Contaduría Pública'),
(183, 'EST-2026-133', 'Gabriel Lucumí', 'gabriel.lucumi@unipacifico.edu.co', '3157000133', 'Ingeniería de Sistemas'),
(184, 'EST-2026-134', 'Sonia Balanta', 'sonia.balanta@unipacifico.edu.co', '3157000134', 'Arquitectura'),
(185, 'EST-2026-135', 'Cristian Lerma', 'cristian.lerma@unipacifico.edu.co', '3157000135', 'Ingeniería de Sistemas'),
(186, 'EST-2026-136', 'Teresa Ambuila', 'teresa.ambuila@unipacifico.edu.co', '3157000136', 'Acuicultura'),
(187, 'EST-2026-137', 'Nicolás Cabezas', 'nicolas.cabezas@unipacifico.edu.co', '3157000137', 'Ingeniería de Sistemas'),
(188, 'EST-2026-138', 'Isabel Nazarit', 'isabel.nazarit@unipacifico.edu.co', '3157000138', 'Administración de Negocios Internacionales'),
(189, 'EST-2026-139', 'Esteban Mancilla', 'esteban.mancilla@unipacifico.edu.co', '3157000139', 'Ingeniería de Sistemas'),
(190, 'EST-2026-140', 'Martha Tenorio', 'martha.tenorio@unipacifico.edu.co', '3157000140', 'Sociología'),
(191, 'EST-2026-141', 'Samuel Vente', 'samuel.vente@unipacifico.edu.co', '3157000141', 'Ingeniería de Sistemas'),
(192, 'EST-2026-142', 'Silvia Gamboa', 'silvia.gamboa@unipacifico.edu.co', '3157000142', 'Contaduría Pública'),
(193, 'EST-2026-143', 'Miguel Perlaza', 'miguel.perlaza@unipacifico.edu.co', '3157000143', 'Ingeniería de Sistemas'),
(194, 'EST-2026-144', 'Victoria Aragón', 'victoria.aragon@unipacifico.edu.co', '3157000144', 'Arquitectura'),
(195, 'EST-2026-145', 'Alexander Viáfara', 'alexander.viafara@unipacifico.edu.co', '3157000145', 'Ingeniería de Sistemas'),
(196, 'EST-2026-146', 'Luz Bonilla', 'luz.bonilla@unipacifico.edu.co', '3157000146', 'Acuicultura'),
(197, 'EST-2026-147', 'Javier Gómez', 'javier.gomez@unipacifico.edu.co', '3157000147', 'Ingeniería de Sistemas'),
(198, 'EST-2026-148', 'Dora Rodríguez', 'dora.rodriguez@unipacifico.edu.co', '3157000148', 'Tecnología en Informática'),
(199, 'EST-2026-149', 'Ricardo Martínez', 'ricardo.martinez@unipacifico.edu.co', '3157000149', 'Ingeniería de Sistemas'),
(200, 'EST-2026-150', 'Elena Jaramillo', 'elena.jaramillo@unipacifico.edu.co', '3157000150', 'Administración de Negocios Internacionales'),
(201, 'EST-2026-151', 'Gustavo Cardona', 'gustavo.cardona@unipacifico.edu.co', '3157000151', 'Ingeniería de Sistemas'),
(202, 'EST-2026-152', 'Ana Tobón', 'ana.tobon@unipacifico.edu.co', '3157000152', 'Sociología'),
(203, 'EST-2026-153', 'Hernán Hoyos', 'hernan.hoyos@unipacifico.edu.co', '3157000153', 'Ingeniería de Sistemas'),
(204, 'EST-2026-154', 'Luisa Correa', 'luisa.correa@unipacifico.edu.co', '3157000154', 'Contaduría Pública'),
(205, 'EST-2026-155', 'Mauricio Gaviria', 'mauricio.gaviria@unipacifico.edu.co', '3157000155', 'Ingeniería de Sistemas'),
(206, 'EST-2026-156', 'Valentina Henao', 'valentina.henao@unipacifico.edu.co', '3157000156', 'Arquitectura'),
(207, 'EST-2026-157', 'Álvaro Bedoya', 'alvaro.bedoya@unipacifico.edu.co', '3157000157', 'Ingeniería de Sistemas'),
(208, 'EST-2026-158', 'Mariana Montoya', 'mariana.montoya@unipacifico.edu.co', '3157000158', 'Acuicultura'),
(209, 'EST-2026-159', 'Héctor Zuluaga', 'hector.zuluaga@unipacifico.edu.co', '3157000159', 'Ingeniería de Sistemas'),
(210, 'EST-2026-160', 'Isabella Londoño', 'isabella.londono@unipacifico.edu.co', '3157000160', 'Administración de Negocios Internacionales'),
(211, 'EST-2026-161', 'Hugo Castaño', 'hugo.castano@unipacifico.edu.co', '3157000161', 'Ingeniería de Sistemas'),
(212, 'EST-2026-162', 'Sofía Gallego', 'sofia.gallego@unipacifico.edu.co', '3157000162', 'Sociología'),
(213, 'EST-2026-163', 'César Urrego', 'cesar.urrego@unipacifico.edu.co', '3157000163', 'Ingeniería de Sistemas'),
(214, 'EST-2026-164', 'Paula Valencia', 'paula.valencia@unipacifico.edu.co', '3157000164', 'Contaduría Pública'),
(215, 'EST-2026-165', 'Iván Arias', 'ivan.arias@unipacifico.edu.co', '3157000165', 'Ingeniería de Sistemas'),
(216, 'EST-2026-166', 'Gabriela Palacio', 'gabriela.palacio@unipacifico.edu.co', '3157000166', 'Arquitectura'),
(217, 'EST-2026-167', 'Leonardo Marín', 'leonardo.marin@unipacifico.edu.co', '3157000167', 'Ingeniería de Sistemas'),
(218, 'EST-2026-168', 'Daniela Agudelo', 'daniela.agudelo@unipacifico.edu.co', '3157000168', 'Acuicultura'),
(219, 'EST-2026-169', 'Wilson Quintero', 'wilson.quintero@unipacifico.edu.co', '3157000169', 'Ingeniería de Sistemas'),
(220, 'EST-2026-170', 'Andrea Muñoz', 'andrea.munoz@unipacifico.edu.co', '3157000170', 'Tecnología en Informática'),
(221, 'EST-2026-171', 'Edgar Piedrahita', 'edgar.piedrahita@unipacifico.edu.co', '3157000171', 'Ingeniería de Sistemas'),
(222, 'EST-2026-172', 'Paola Echeverri', 'paola.echeverri@unipacifico.edu.co', '3157000172', 'Administración de Negocios Internacionales'),
(223, 'EST-2026-173', 'Fabio Rivera', 'fabio.rivera@unipacifico.edu.co', '3157000173', 'Ingeniería de Sistemas'),
(224, 'EST-2026-174', 'Carolina Serna', 'carolina.serna@unipacifico.edu.co', '3157000174', 'Sociología'),
(225, 'EST-2026-175', 'Edwin Salazar', 'edwin.salazar@unipacifico.edu.co', '3157000175', 'Ingeniería de Sistemas'),
(226, 'EST-2026-176', 'Tatiana Cano', 'tatiana.cano@unipacifico.edu.co', '3157000176', 'Contaduría Pública'),
(227, 'EST-2026-177', 'Jairo Rojas', 'jairo.rojas@unipacifico.edu.co', '3157000177', 'Ingeniería de Sistemas'),
(228, 'EST-2026-178', 'Kelly Villa', 'kelly.villa@unipacifico.edu.co', '3157000178', 'Arquitectura'),
(229, 'EST-2026-179', 'Raúl Herrera', 'raul.herrera@unipacifico.edu.co', '3157000179', 'Ingeniería de Sistemas'),
(230, 'EST-2026-180', 'Vanessa Osorio', 'vanessa.osorio@unipacifico.edu.co', '3157000180', 'Acuicultura'),
(231, 'EST-2026-181', 'Rubén Toro', 'ruben.toro@unipacifico.edu.co', '3157000181', 'Ingeniería de Sistemas'),
(232, 'EST-2026-182', 'Johana Chaves', 'johana.chaves@unipacifico.edu.co', '3157000182', 'Administración de Negocios Internacionales'),
(233, 'EST-2026-183', 'Gonzalo Duque', 'gonzalo.duque@unipacifico.edu.co', '3157000183', 'Ingeniería de Sistemas'),
(234, 'EST-2026-184', 'Katherine Gil', 'katherine.gil@unipacifico.edu.co', '3157000184', 'Sociología'),
(235, 'EST-2026-185', 'Rodrigo Vásquez', 'rodrigo.vasquez@unipacifico.edu.co', '3157000185', 'Ingeniería de Sistemas'),
(236, 'EST-2026-186', 'Yeimy Arango', 'yeimy.arango@unipacifico.edu.co', '3157000186', 'Contaduría Pública'),
(237, 'EST-2026-187', 'Nelson Restrepo', 'nelson.restrepo@unipacifico.edu.co', '3157000187', 'Ingeniería de Sistemas'),
(238, 'EST-2026-188', 'Viviana Yepes', 'viviana.yepes@unipacifico.edu.co', '3157000188', 'Arquitectura'),
(239, 'EST-2026-189', 'William Ortiz', 'william.ortiz@unipacifico.edu.co', '3157000189', 'Ingeniería de Sistemas'),
(240, 'EST-2026-190', 'Alexandra Rincón', 'alexandra.rincon@unipacifico.edu.co', '3157000190', 'Acuicultura'),
(241, 'EST-2026-191', 'Walter Mendoza', 'walter.mendoza@unipacifico.edu.co', '3157000191', 'Ingeniería de Sistemas'),
(242, 'EST-2026-192', 'Mónica Patiño', 'monica.patino@unipacifico.edu.co', '3157000192', 'Tecnología en Informática'),
(243, 'EST-2026-193', 'Fredy Sierra', 'fredy.sierra@unipacifico.edu.co', '3157000193', 'Ingeniería de Sistemas'),
(244, 'EST-2026-194', 'Lady Carvajal', 'lady.carvajal@unipacifico.edu.co', '3157000194', 'Administración de Negocios Internacionales'),
(245, 'EST-2026-195', 'Alex Bermúdez', 'alex.bermudez@unipacifico.edu.co', '3157000195', 'Ingeniería de Sistemas'),
(246, 'EST-2026-196', 'Yenny Ruiz', 'yenny.ruiz@unipacifico.edu.co', '3157000196', 'Sociología'),
(247, 'EST-2026-197', 'Jhon Castro', 'jhon.castro@unipacifico.edu.co', '3157000197', 'Ingeniería de Sistemas'),
(248, 'EST-2026-198', 'Esperanza Morales', 'esperanza.morales@unipacifico.edu.co', '3157000198', 'Contaduría Pública'),
(249, 'EST-2026-199', 'Luis Solís', 'luis.solis@unipacifico.edu.co', '3157000199', 'Ingeniería de Sistemas'),
(250, 'EST-2026-200', 'Sandra Caicedo', 'sandra.caicedo@unipacifico.edu.co', '3157000200', 'Arquitectura');


INSERT INTO materias (codigo_materia, nombre, creditos, profesor_id) VALUES
('INF-101', 'Introducción a la Programación', 3, 1),
('INF-102', 'Estructuras de Datos', 4, 2),
('INF-103', 'Bases de Datos I', 3, 3),
('INF-104', 'Sistemas Operativos', 4, 4),
('INF-105', 'Redes de Computadores', 3, 5),
('INF-106', 'Ingeniería de Software I', 4, 6),
('INF-107', 'Cálculo Multivariable', 4, 7),
('INF-108', 'Física Mecánica', 4, 8),
('INF-109', 'Bases de Datos II', 3, 9),
('INF-110', 'Electiva Profesional III', 2, 10);

-- Synchronize the serial sequence for the 'materias' table
SELECT setval(pg_get_serial_sequence('materias', 'id'), COALESCE(MAX(id), 1)) FROM materias;


-- ========================================================
-- TABLA NOTAS
-- 4 tipos de evaluación x 200 estudiantes = 800 registros
-- Porcentajes: Parcial 1 (30%) + Parcial 2 (30%) + Seguimiento (10%) + Examen Final (30%) = 100%
-- Periodo: 2026-1
-- ========================================================

-- 1) Parcial 1 (30%) para los 200 estudiantes
INSERT INTO notas (estudiante_id, materia_id, periodo, tipo_nota, porcentaje, nota)
SELECT
    e.id AS estudiante_id,
    (1 + (e.id % 10)) AS materia_id,
    '2026-1' AS periodo,
    'Parcial 1' AS tipo_nota,
    30.00 AS porcentaje,
    ROUND((50 + (random() * 50))::numeric, 2) AS nota
FROM estudiantes e;

-- 2) Parcial 2 (30%) para los 200 estudiantes
INSERT INTO notas (estudiante_id, materia_id, periodo, tipo_nota, porcentaje, nota)
SELECT
    e.id,
    (1 + (e.id % 10)),
    '2026-1',
    'Parcial 2',
    30.00,
    ROUND((50 + (random() * 50))::numeric, 2)
FROM estudiantes e;

-- 3) Seguimiento (10%) para los 200 estudiantes
INSERT INTO notas (estudiante_id, materia_id, periodo, tipo_nota, porcentaje, nota)
SELECT
    e.id,
    (1 + (e.id % 10)),
    '2026-1',
    'Seguimiento',
    10.00,
    ROUND((50 + (random() * 50))::numeric, 2)
FROM estudiantes e;

-- 4) Examen Final (30%) para los 200 estudiantes
INSERT INTO notas (estudiante_id, materia_id, periodo, tipo_nota, porcentaje, nota)
SELECT
    e.id,
    (1 + (e.id % 10)),
    '2026-1',
    'Examen Final',
    30.00,
    ROUND((55 + (random() * 45))::numeric, 2)
FROM estudiantes e;

-- Synchronize the serial sequence for the 'notas' table
SELECT setval(pg_get_serial_sequence('notas', 'id'), COALESCE(MAX(id), 1)) FROM notas;